{
  "resources.json": 1599734598974,
  "Component.js": 1599733646633,
  "model/models.js": 1599733646633,
  "controller/View1.controller.js": 1599733646633,
  "manifest.json": 1599734598972,
  "manifest-bundle.zip": 1599734597873,
  "Component-preload.js": 1599734598870,
  "controller/View1-dbg.controller.js": 1599733646633,
  "model/models-dbg.js": 1599733646633,
  "Component-dbg.js": 1599733646633,
  "i18n/i18n.properties": 1599733646633,
  "view/View1.view.xml": 1599733646633,
  "css/style.css": 1599733646633,
  "index.html": 1599733646633
}